{
  "date": "2025-08-05",
  "stock": "NAVER",
  "market_brief": "",
  "events": [
    {
      "ts": "2025-08-05 12:02",
      "tag": [
        "earnings",
        "mna"
      ],
      "title": "디지털 마케팅 전문기업 희일커뮤니케이션이 창립 20주년을 맞아 지역 광고주들의 브랜드 인지도 제고와 실질적인 매출 향상을 동시에 이끄는 캠페인 운영 방식으로 신뢰를 쌓아왔으며 앞으로도 광고 그 이상’을 실현하는 종합",
      "meta_summary": "성남시 분당구의 네이버 사옥네이버가 3억 7700만 유로(6045억 원)를 투입해 스페인 최대 소비자 간 거래 업체인 왈라팝 지분 약 70.5%를 추가 확보하여 유럽 시장 공략에 속도를 낸다고 5일 밝혔으며, 네이버는 이번 인수로 포시마크, 크림, 소다 등 북미, 한국, 일본 등을 중심으로 한 글로벌 C2C 사업을 유럽까지 확대할 예정이다. http://www.naver.com/. 네이버는 네이버의...",
      "sent": {
        "neg": 0.0014097307409664226,
        "neu": 0.6525223127004361,
        "pos": 0.3460679547081565,
        "label": "neu"
      },
      "salience": 1.7588,
      "evidence": [
        {
          "link": "https://finance.naver.com/item/news_read.naver?article_id=0005167046&office_id=015&code=035420&page=56&sm="
        },
        {
          "link": "https://finance.naver.com/item/news_read.naver?article_id=0002509668&office_id=016&code=035420&page=72&sm="
        }
      ]
    },
    {
      "ts": "2025-08-05 10:20",
      "tag": [
        "earnings"
      ],
      "title": "APEC 디지털·AI 장관화의 논의를 바탕으로, 미국·중국 등 인공지능(AI) 양대 강국과 한국의 고위 관료들이 AI를 통해 혁신과 포용을 도모하기 위해 오늘(5일) 인천 송도 쉐라톤그랜드호텔에서 세계은행과 공동으로",
      "meta_summary": "기반의 지능형 플랫폼으로 전환하는 사업에 착수하여 매출 성장과 수익성 개선이라는 두 마리 토끼를 동시에 잡는 구조적 전환을 기대하고 있다고 5일 밝혔다. APEC 디지털·AI 장관화의 논의를 바탕으로, 미국·중국 등 인공지능(AI) 배경훈 과기정통부 장관은 이번 포럼은 디지털· AI 장관회의에서의 논의를 이어받아, 국제기구, 공공기관, 글로벌 기업이 함께 디지털,AI 혁신 및 대응 전략을 모색한...",
      "sent": {
        "neg": 0.013803252685900973,
        "neu": 0.6300279169336238,
        "pos": 0.35616884080235367,
        "label": "neu"
      },
      "salience": 1.279,
      "evidence": [
        {
          "link": "https://finance.naver.com/item/news_read.naver?article_id=0002509898&office_id=016&code=035420&page=63&sm="
        },
        {
          "link": "https://finance.naver.com/item/news_read.naver?article_id=0005632778&office_id=277&code=035420&page=71&sm="
        }
      ]
    },
    {
      "ts": "2025-08-05 11:08",
      "tag": [
        "supply",
        "mna"
      ],
      "title": "네이버는 지난 10여년 동안 유럽 시장에 투자하며 차별화된 서비스 경쟁력을 확보할 수 있는 최적의 파트너라고 판단하여 스페인 최대 개인간 거래(C2C) 업체 왈라팝을 인수해 유럽 내 사업 전개 거점이 될 수 있는 전",
      "meta_summary": "올해 들어 글로벌 AI(인공지능) 과학기술정보통신부는 지난 4일 챗GPT 등 해외 AI에 대한 의존도를 낮추고, 기술·데이터 주권을 확보하기 위한 국가 주도 AI 기초모형 개발 사업의 2차 참여 기업으로 네이버클라우드, SK텔레콤, 엘지경영개발원 AI연구원, NC AI, 업스테이지 등 총 5개 기업·기관 컨소시엄을 선정했다고 밝히며 향후 공공·국방 영역의 AI를 공급하는 중추 역할을 맡을 것이란...",
      "sent": {
        "neg": 0.0029200970219517577,
        "neu": 0.4550718235955854,
        "pos": 0.5420080807714526,
        "label": "pos"
      },
      "salience": 1.2468,
      "evidence": [
        {
          "link": "https://finance.naver.com/item/news_read.naver?article_id=0003652373&office_id=020&code=035420&page=77&sm="
        },
        {
          "link": "https://finance.naver.com/item/news_read.naver?article_id=0000880035&office_id=469&code=035420&page=53&sm="
        }
      ]
    },
    {
      "ts": "2025-08-05 06:21",
      "tag": [
        "governance",
        "mna"
      ],
      "title": "네이버는 3억 7700만 유로(약 6045억 원)를 투입해 스페인 최대 소비자간거래(C2C) 플랫폼 '왈라팝'의 지분 약 70.5%를 추가 확보했다고 밝히며 유럽으로의 커머스 사업 외연을 확장하는 동시에 전 세계 곳",
      "meta_summary": "네이버는 유럽 내 사업 전개 거점이 될 수 있는 전략적 플랫폼 및 이용자 기반 확보를 위해 스페인 최대 개인 간 거래(C2C) 네이버는 프랑스 전 디지털경제부 장관 플뢰르 펠르랭 대표가 설립한 투자사인 코렐리아캐피탈에 펀드 출연 등을 통한 간접 투자 방식으로 유럽 사업을 전개해왔으며 이번 인수로 지분 70.5% 추가 확보하였고 이번 인수가...",
      "sent": {
        "neg": 0.001208632409444193,
        "neu": 0.3299228866924819,
        "pos": 0.6688684894349095,
        "label": "pos"
      },
      "salience": 1.1349,
      "evidence": [
        {
          "link": "https://finance.naver.com/item/news_read.naver?article_id=0003921235&office_id=023&code=035420&page=78&sm="
        },
        {
          "link": "https://finance.naver.com/item/news_read.naver?article_id=0003563403&office_id=081&code=035420&page=78&sm="
        }
      ]
    },
    {
      "ts": "2025-08-05 16:31",
      "tag": [
        "governance",
        "mna"
      ],
      "title": "로봇용 센서 전문기업 에이딘로보틱스는 보건복지부와 한국보건산업진흥원이 추진하고 있는 '2025 한국형 ARPA-H 프로젝트'의 휴머노이드 수술보조 로봇 공동연구개발기관으로 최종 선정되었으며 높은 기술력을 겸비한 기업",
      "meta_summary": "플랫폼인 '왈라팝'의 경영권을 확보하기 위해 3억7700만유로(약 6045억원)를 투입해 지분 약 70.5%를 추가로 확보했다고 5일 밝혔으며 이를 통해 북미, 한국, 일본 등을 중심으로 한 글로벌 C2C 사업을 유럽까지 더욱 확대하며 글로벌 성장세를 이어나갈 계획이며 최수연 네이버 대표는 이번 인수를 통해 스페인과 유럽 사용자들의 사용성에 대한 이해도를 높여갈 수 있을 뿐 아니라...",
      "sent": {
        "neg": 0.05782325216449472,
        "neu": 0.21070594804794388,
        "pos": 0.7314708412757819,
        "label": "pos"
      },
      "salience": 1.0843,
      "evidence": [
        {
          "link": "https://finance.naver.com/item/news_read.naver?article_id=0005536566&office_id=009&code=035420&page=53&sm="
        },
        {
          "link": "https://finance.naver.com/item/news_read.naver?article_id=0000070743&office_id=293&code=035420&page=55&sm="
        }
      ]
    },
    {
      "ts": "2025-08-05 10:02",
      "tag": [],
      "title": "네이버는 스페인 최대 소비자간 거래(C2C) 업체인 왈라팝에 네이버의 검색, 광고, 결제, 인공지능(AI) 등 기술과 사업 노하우를 적용하여 유럽 시장에서의 사업을 본격적으로 펼쳐나간다는 계획으로 약 6000억원을 ",
      "meta_summary": "글로벌 디지털,AI 포럼'을 개최했으며, 이 포럼의 주제는 'APEC의 혁신적인 디지털.AI 미래를 위한 준비'로 연결성 △포용 △혁신 3개 세션으로 구성되었다고 밝혔다. 업체인 왈라팝에 네이버의 검색, 광고, 결제, 인공지능(AI) 등 기술과 사업 노하우를 적용하여 유럽 시장에서의 사업을 본격적으로 펼쳐나간다는 계획으로 약 6000억원을 투입해 지분 약 70.5%를 추가 확보했다고 5일 밝혔으며 최수연 네이버...",
      "sent": {
        "neg": 0.07349353938721281,
        "neu": 0.8033110611943214,
        "pos": 0.12319538779781308,
        "label": "neu"
      },
      "salience": 1.0534,
      "evidence": [
        {
          "link": "https://finance.naver.com/item/news_read.naver?article_id=0000767411&office_id=422&code=035420&page=67&sm="
        },
        {
          "link": "https://finance.naver.com/item/news_read.naver?article_id=0002509799&office_id=016&code=035420&page=68&sm="
        }
      ]
    },
    {
      "ts": "2025-08-05 12:00",
      "tag": [
        "governance",
        "mna"
      ],
      "title": "카카오 그룹이 카카오뱅크, 카카오페이, 카카오뱅크 등 핵심 계열사가 참여하는 스테이블코인 태스크포스(TF)를 꾸리고 관련 사업에 속도를 낼 예정이며 카카오의 경우 카카오뱅크가 클레이튼 코인을 발행한 바 있어 글로벌 ",
      "meta_summary": "http://www.nAVER.com https://www.facebook.com/kook@hanikikylife.co.kr 네이버는 지난 10여년 동안 유럽 시장에 투자를 이어오며 차별화된 서비스 경쟁력을 확보하고 유럽 시장에서의 입지를 강화하기 위해 이번 인수를 결정했다고 밝혔으며 이로써 네이버는 검색, 광고, 결제, AI 등의 기술과 사업 노하우를 적용할 예정이다. 정부는 대국민 컨테스트 등 앞으로 3단계 평가를 더 거쳐, 오는 2027년까지 국가대표 'K-AI' 명칭을 사용할...",
      "sent": {
        "neg": 0.037313215395179934,
        "neu": 0.6292831596345692,
        "pos": 0.3334036093830095,
        "label": "neu"
      },
      "salience": 1.0452,
      "evidence": [
        {
          "link": "https://finance.naver.com/item/news_read.naver?article_id=0002384845&office_id=092&code=035420&page=65&sm="
        },
        {
          "link": "https://finance.naver.com/item/news_read.naver?article_id=0005231884&office_id=008&code=035420&page=53&sm="
        }
      ]
    },
    {
      "ts": "2025-08-05 10:11",
      "tag": [
        "supply"
      ],
      "title": "2019년 1월 31일 기준 한화그룹은 방산과 조선 분야 계열사의 주가 상승에 힘입어 시가총액 증가율 1위를 기록하며 전체 규모 면에서 5위에 올랐으며 한미 조선 협력 프로젝트인 '마스가'(MASGA)' 등이 일조한",
      "meta_summary": "2019년 1월 31일 기준 한화그룹은 방산과 조선 분야 계열사의 주가 상승에 힘입어 시가총액 증가율 1위를 기록하며 전체 규모 면에서 5위에 올랐으며 한미 조선 협력 프로젝트인 '마스가'(MASGA)' 등이 일조한 것으로 분석돼 관세 협상이 국내 증권시장 지형에도 영향을 미치는 것으로 분석됐다. efficious 2019년11일 기준 한화그룹 방산 조선 3사의 시가총액은 지난달 31일 기준...",
      "sent": {
        "neg": 0.0011767724844828386,
        "neu": 0.5497514620652993,
        "pos": 0.4490717372878793,
        "label": "neu"
      },
      "salience": 1.0249,
      "evidence": [
        {
          "link": "https://finance.naver.com/item/news_read.naver?article_id=0015549034&office_id=001&code=035420&page=63&sm="
        },
        {
          "link": "https://finance.naver.com/item/news_read.naver?article_id=0001098015&office_id=366&code=035420&page=61&sm="
        }
      ]
    },
    {
      "ts": "2025-08-05 14:12",
      "tag": [
        "flow"
      ],
      "title": "이춘석 더불어민주당 의원이 타인명의로 주식계좌를 개설해서 차명거래한 사실은 결코 없으며, 향후 당의 진상조사 등에 성실히 임하겠다고 밝혔다. '차명주식 거래' 의혹이 제기된 이춘석은 어제(4일) 오후 국회 본회의에 ",
      "meta_summary": "국세청은 올해 상반기(1∼6월) 국세청이 이번 신고부터는 장외 거래한 소액주주와 비상장법인 주주에게도 신고를 처음 안내했으며 홈택스 미리채움 서비스 대상자를 장외거래자까지 확대하는 등 전자신고를 개선했다고 밝혔다. 국세청은 올해 상반기 국내 상장주식을 양도한 대주주는 다음 달 1일까지 양도소득세를 예정 신고·납부 해야 한다고 밝혔으며 이 과정에서 홈택스 미리채움 서비스 대상자를 장외 거래자까지 확대하는 등...",
      "sent": {
        "neg": 0.009911821725909596,
        "neu": 0.655321028489865,
        "pos": 0.3347671507943808,
        "label": "neu"
      },
      "salience": 0.9921,
      "evidence": [
        {
          "link": "https://finance.naver.com/item/news_read.naver?article_id=0003338141&office_id=030&code=035420&page=64&sm="
        },
        {
          "link": "https://finance.naver.com/item/news_read.naver?article_id=0015549623&office_id=001&code=035420&page=57&sm="
        }
      ]
    },
    {
      "ts": "2025-08-05 14:07",
      "tag": [
        "macro"
      ],
      "title": "네이버클라우드, LG AI 연구원, SK텔레콤, NC AI, 업스테이지 컨소시엄 등 5곳을 선정하는 '독자 AI 파운데이션 모델 프로젝트' 수행팀에 유력 후보로 꼽혔던 KT와 카카오는 탈락한 배경에 대해 빅테크와 협",
      "meta_summary": "오른 3198.00에 장을 마치며 이틀째 상승세를 나타냈고 코스피는 미국 고용 지표 악화로 연방준비제도(Fed·연준)가 금리 인하를 앞당길 수 있다는 기대가 커지면서 투자심리를 개선시켜 증시는 장중 오름폭을 일부 축소하는 흐름을 보였다고 밝혔다. exlie@yna.co.kr 세계 AI 산업에서 독자 파워이션 모델이 없는 건 자동차 강국이 되겠다면서 심장인 엔진을 수입해 조립하려는 격으로 자동차 산업이 자동차...",
      "sent": {
        "neg": 0.01711034180007559,
        "neu": 0.7574629712106985,
        "pos": 0.22542670074363078,
        "label": "neu"
      },
      "salience": 0.9043,
      "evidence": [
        {
          "link": "https://finance.naver.com/item/news_read.naver?article_id=0002510143&office_id=016&code=035420&page=57&sm="
        },
        {
          "link": "https://finance.naver.com/item/news_read.naver?article_id=0015548682&office_id=001&code=035420&page=75&sm="
        }
      ]
    }
  ],
  "trades": []
}