{
  "date": "2025-08-05",
  "stock": "카카오",
  "market_brief": "",
  "events": [
    {
      "ts": "2025-08-05 14:28",
      "tag": [
        "earnings"
      ],
      "title": "롯데웰푸드는 2분기 연결기준 잠정 영업이익이 전년 동기 대비 45.8% 감소한 1조642억원으로 집계되었으며 이는 카카오를 비롯한 주요 원재료 가격 부담 가중 탓으로 분석되었다고 밝혔다. key웰푸드의 2분기 영업이",
      "meta_summary": "카카오가 그룹 차원에서 스테이블코인 관련 논의를 위한 전담팀(TF)을 꾸려 매주 관련 회의를 진행하며 국내외 동향과 전략 방향성을 살피는 등 초기 단계라고 밝혔다. 올해 상반기(1∼6월)에 국내주식을 양도한 개인이 과세 대상에 해당하는 경우 9월 1일까지 주식 양도소득세를 예정신고·납부해야 하며 이번 신고부터 증권사로부터 계좌간 주식 이체자료를 조기 수집해 상장주식을 장외거래한 소액주주와 비상장법인 주주에게도...",
      "sent": {
        "neg": 0.22393251903633946,
        "neu": 0.7606217000998184,
        "pos": 0.01544576983755866,
        "label": "neu"
      },
      "salience": 1.2992,
      "evidence": [
        {
          "link": "https://finance.naver.com/item/news_read.naver?article_id=0004052657&office_id=079&code=035720&page=40&sm="
        },
        {
          "link": "https://finance.naver.com/item/news_read.naver?article_id=0013405542&office_id=003&code=035720&page=38&sm="
        }
      ]
    },
    {
      "ts": "2025-08-05 12:00",
      "tag": [
        "regulation",
        "supply"
      ],
      "title": "카카오,구글 등 주요 사회관계망서비스(SNS) 플랫폼이 지난해 도입한 자율규제로 불법 주식투자 리딩방과 유명인 사칭 불법투자권유 등이 대폭 감소한 것으로 나타났으며, 금융감독원은 다른 플랫폼 기업으로 자율규제 확대를",
      "meta_summary": "금융감독원은 지난해 8월부터 카카오, 구글과 같은 주요 온라인 플랫폼과 함께 불법금융광고·불법투자권유 행위 근절과 금융소비자 피해 예방을 위해 채팅방 내 양방향 소통 등 불법행위 규제와 인공지능(AI) 금융감독원은 카카오, 구글 등 주요 온라인 플랫폼과 협력해 불법 금융광고 및 리딩방 차단을 위한 자율규제를 시행한 결과, 총 27만건 이상의 부정 사용 계정을 차단하는 성과를...",
      "sent": {
        "neg": 0.09119902473365735,
        "neu": 0.880465938425777,
        "pos": 0.028335047198381088,
        "label": "neu"
      },
      "salience": 1.2021,
      "evidence": [
        {
          "link": "https://finance.naver.com/item/news_read.naver?article_id=0002987556&office_id=119&code=035720&page=45&sm="
        },
        {
          "link": "https://finance.naver.com/item/news_read.naver?article_id=0006082006&office_id=018&code=035720&page=45&sm="
        }
      ]
    },
    {
      "ts": "2025-08-05 12:07",
      "tag": [
        "supply"
      ],
      "title": "APEC 디지털·AI 장관화의 논의를 바탕으로, 미국·중국 등 인공지능(AI) 양대 강국과 한국의 고위 관료들이 AI를 통해 혁신과 포용을 도모하기 위해 오늘(5일) 인천 송도 쉐라톤그랜드호텔에서 세계은행과 공동으로",
      "meta_summary": "카카오가 '아시아태평양경제협력체 2025 코리아 글로벌 디지털·AI 포럼 및 기업 전시'에 참여해 자체 개발한 경량 멀티모달 언어모델 'Kanana-1.5-v-3b', AI 가드레일 모델 '카나나 세이프가드' 2종을 소개하고 시연 공간을 통해 모델의 기능과 특징을 체험해 볼 수 있다고 5일 밝혔다. APEC 디지털·AI 장관화의 논의를 바탕으로, 미국·중국 등 인공지능(AI) 카카오가 글로벌 리더들에게 인공지능(AI) 기술을 소개하며...",
      "sent": {
        "neg": 0.001995394416188261,
        "neu": 0.8869648236582418,
        "pos": 0.11103975803480906,
        "label": "neu"
      },
      "salience": 1.1834,
      "evidence": [
        {
          "link": "https://finance.naver.com/item/news_read.naver?article_id=0002987500&office_id=119&code=035720&page=44&sm="
        },
        {
          "link": "https://finance.naver.com/item/news_read.naver?article_id=0003338274&office_id=030&code=035720&page=43&sm="
        }
      ]
    },
    {
      "ts": "2025-08-05 11:25",
      "tag": [
        "governance",
        "product"
      ],
      "title": "카카오페가 알리페이와의 전략적 파트너십을 기반으로 해외 결제 국가 확대를 통해 가맹점 확대와 활성화에 집중하면서 경쟁사 대비 가맹점수 거래액에서 우위를 차지하고 있는 가운데, 카카오페이는 각 금융 영역별 AI 서비스",
      "meta_summary": "프로젝트 정예팀 선정을 위해 서면평가, 발표평가를 거쳐 5팀으로 선정된 5팀에 네이버, SK텔레콤, LG가 포함된 반면 카카오와 KT가 포함되지 못했다고 밝히며 이번 선정은 단순히 정부 지원을 넘어 국내 대표 ICT 기업들의 ‘AI 기술 자존심’ 글로벌 디지털,AI 포럼'을 개최했으며, 이 포럼의 주제는 'APEC의 혁신적인 디지털.AI 미래를 위한 준비'로 연결성 △포용 △혁신 3개...",
      "sent": {
        "neg": 0.0003552230816790493,
        "neu": 0.5901192176773639,
        "pos": 0.40952551962204853,
        "label": "neu"
      },
      "salience": 1.03,
      "evidence": [
        {
          "link": "https://finance.naver.com/item/news_read.naver?article_id=0002509954&office_id=016&code=035720&page=47&sm="
        },
        {
          "link": "https://finance.naver.com/item/news_read.naver?article_id=0002509799&office_id=016&code=035720&page=50&sm="
        }
      ]
    },
    {
      "ts": "2025-08-05 15:54",
      "tag": [
        "product"
      ],
      "title": "과학기술정보통신부는 ‘독자 AI 파운데이션 모델’ 프로젝트 정예팀 선정을 위해 서면평가, 발표평가를 거쳐 5개 정예팀을 선정한 결과, 네이버, T, KT가 선정되었으며 네이버, SKT, LG의 희비가 엇갈린 가운데,",
      "meta_summary": "네이버클라우드, LG AI 연구원, SK텔레콤, NC AI, 업스테이지 컨소시엄 등 5곳을 선정하는 '독자 AI 파운데이션 모델 프로젝트' 수행팀에 유력 후보로 꼽혔던 KT와 카카오는 탈락한 배경에 대해 빅테크와 협업을 추진해 '소버린(자주적인)' 취지에 부합하지 않았다는 것이 업계의 관측이다. 네이버와 KT가 글로벌업체와 협업 체제를 구축하고 서비스 중심으로 방향을 틀면서 이번 심사에서 한국적인 즉,...",
      "sent": {
        "neg": 0.01087549191915421,
        "neu": 0.6355972510655741,
        "pos": 0.35352728480207396,
        "label": "neu"
      },
      "salience": 1.0255,
      "evidence": [
        {
          "link": "https://finance.naver.com/item/news_read.naver?article_id=0005536668&office_id=009&code=035720&page=38&sm="
        },
        {
          "link": "https://finance.naver.com/item/news_read.naver?article_id=0000038543&office_id=648&code=035720&page=44&sm="
        }
      ]
    },
    {
      "ts": "2025-08-05 14:28",
      "tag": [
        "earnings"
      ],
      "title": "카카오가 광복절 기념 이용자 참여형 기부 캠페인 '톡 안의 태극기 챌린지'를 오는 17일까지 진행하여 이용자의 참여가 기부로 이어지도록 기획했다고 5일 밝혔으며 카카오같이가치의 모금함을 통해서도 직접 기부에 참여할 ",
      "meta_summary": "카카오모빌리티가 소셜임팩트 캠페인 '프로젝트 201'의 일환으로 올해 상반기에 환경을 주제로 두 차례 진행한 '기브셔틀 2025'를 성공적으로 마무리했다고 5일 밝혔으며 올해 하반기에는 카카오 T 이용자 뿐 아니라 임직원을 대상으로도 봉사활동 프로그램을 확대한다고 밝혔다. ※ 롯데웰푸드 관계자는 \"하반기 소비 진작 및 성수기 일기의 호조로 매출이 성장할 것으로 기대된다\"면서도 \"카카오 시세도 안정화되면서 원가...",
      "sent": {
        "neg": 0.256780946393219,
        "neu": 0.7195391379342576,
        "pos": 0.02367991314187859,
        "label": "neu"
      },
      "salience": 0.8589,
      "evidence": [
        {
          "link": "https://finance.naver.com/item/news_read.naver?article_id=0003337983&office_id=030&code=035720&page=44&sm="
        },
        {
          "link": "https://finance.naver.com/item/news_read.naver?article_id=0004517684&office_id=011&code=035720&page=38&sm="
        }
      ]
    },
    {
      "ts": "2025-08-05 09:36",
      "tag": [
        "governance",
        "earnings"
      ],
      "title": "5일 오전 9시 20분 기준 한국거래소에서 카카오는 전 거래일 대비 2.34% 하락한 5만4100원에 거래되고 있으며 전날 정부는 한국을 대표할 인공지능(AI) 파운데이션 모델을 개발할 ‘국가대표AI’ 정예팀 5곳을",
      "meta_summary": "5일 오전 9시 20분 기준 한국거래소에서 카카오는 전 거래일 대비 2.34% 하락한 5만4100원에 거래되고 있으며 전날 정부는 한국을 대표할 인공지능(AI) 파운데이션 모델을 개발할 ‘국가대표AI’ 정예팀 5곳을 최종 선정했지만 최종적으로 사업에서 탈락한 것으로 파악되어 2분기 실적이 저점을 찍고 하반기 반등 모멘텀을 마련할 가능성에 무게가 실리고 있다. psychology SK증권 남효지 애널리스트는 보고서에서...",
      "sent": {
        "neg": 0.99892396,
        "neu": 0.00084244553,
        "pos": 0.0002334822,
        "label": "neg"
      },
      "salience": 0.8426,
      "evidence": [
        {
          "link": "https://finance.naver.com/item/news_read.naver?article_id=0004517383&office_id=011&code=035720&page=51&sm="
        }
      ]
    },
    {
      "ts": "2025-08-05 13:13",
      "tag": [
        "governance",
        "supply"
      ],
      "title": "카카오 핵심 계열사 대표들이 참여하는 그룹 차원의 태스크포스(TF)가 출범하고 스테이블코인 사업 3요소를 모두 갖춘 만큼 미래 성장 동력으로 선정하고 전사 역량을 집중한다는 방침이다.5일 정보기술(IT)·가상자산 업",
      "meta_summary": "카카오는 지난 12년간 총 79만건의 인증과 기부 참여가 있었고 카카오와 이용자는 32억1843만원을 함께 기부한 '톡 안의 태극기 챌린지'를 오는 17일까지 진행한다고 5일 밝혔으며 이용자가 사회공헌 플랫폼 카카오같이가치에서 진행되는 미션에 참여할 때마다 카카오가 건당 815원을 기부할 수 있다고 전했다. 카카오가 5일 개최되는 '아시아태평양경제협력체 2025 코리아 글로벌 디지털·AI 포럼 및 기업 전시'에...",
      "sent": {
        "neg": 0.0003447499265360432,
        "neu": 0.6823692733394319,
        "pos": 0.3172859203298024,
        "label": "neu"
      },
      "salience": 0.8195,
      "evidence": [
        {
          "link": "https://finance.naver.com/item/news_read.naver?article_id=0000954573&office_id=031&code=035720&page=45&sm="
        },
        {
          "link": "https://finance.naver.com/item/news_read.naver?article_id=0001218927&office_id=215&code=035720&page=39&sm="
        }
      ]
    },
    {
      "ts": "2025-08-05 16:21",
      "tag": [],
      "title": "카카오모빌리티가 소셜임팩트 캠페인 ‘프로젝트 201’의 일환으로 지난 2024년부터 시작한 자원봉사(volunteer)와 여행(tour)이 결합된 ‘볼런투어’ 프로그램인 ‘기브셔틀 2025’를 올해 상반기에 환경을 ",
      "meta_summary": "이차전지주 급등 국내 주식 시황 (PG ) 오른 791.94로 출발해 한때 800선을 회복했으나 장중 상승폭을 줄이며 798.60에 장을 마쳤다. k-AI팀 선정에 힘입어 네이버는 '소버린 AI 생태계를 조성하는데 앞장서는 기업이 됐다는 평가가 나온 반면, 카 카오는 'AI 3대 강국 도약'을 공언한 만큼, 소버린 AI를 구축하기 위한 전폭적인 지원이 예상되기에 AI 분야에서...",
      "sent": {
        "neg": 0.001800033071847936,
        "neu": 0.8766010724906286,
        "pos": 0.12159890109796594,
        "label": "neu"
      },
      "salience": 0.8193,
      "evidence": [
        {
          "link": "https://finance.naver.com/item/news_read.naver?article_id=0015550218&office_id=001&code=035720&page=40&sm="
        },
        {
          "link": "https://finance.naver.com/item/news_read.naver?article_id=0006082350&office_id=018&code=035720&page=42&sm="
        }
      ]
    },
    {
      "ts": "2025-08-05 14:53",
      "tag": [
        "supply"
      ],
      "title": "과학기술정보통신부와 세계은행이 마련한 'APEC의 혁신적인 디지털·AI 미래를 위한 준비'는 국내외 고위 정부 관계자 및 각계 민간 전문가들이 디지털,AI 생태계 현황을 공유하고 국제협력을 촉진하기 위해 마련한 자리",
      "meta_summary": "5일 인천 송도 쉐라톤그랜드호텔에서 APEC 디지털·AI 장관화의 논의를 바탕으로, 고위 정부 관계자와 각계 민간 전문가들이 모여 디지털·아I 생태계의 현황을 공유하고 포용적이고 혁신적인 디지털 미래를 위한 국제협력을 촉진하기 위한 자리를 가졌다. 부원장, 제이슨 알포드 세계은행 한국사무소장, 샌디 쿤바타나간 오픈AI 아태정책총괄, 배민 LG CNS 전무가 패널 토론자로 참여하여 디지털.AI 연결성과 복원력 강화...",
      "sent": {
        "neg": 0.0002618813398729987,
        "neu": 0.9433343577185049,
        "pos": 0.056403746978641485,
        "label": "neu"
      },
      "salience": 0.7952,
      "evidence": [
        {
          "link": "https://finance.naver.com/item/news_read.naver?article_id=0005231527&office_id=008&code=035720&page=43&sm="
        },
        {
          "link": "https://finance.naver.com/item/news_read.naver?article_id=0003457667&office_id=241&code=035720&page=45&sm="
        }
      ]
    }
  ],
  "trades": []
}