{
  "date": "2025-08-05",
  "stock": "현대차",
  "market_brief": "",
  "events": [
    {
      "ts": "2025-08-05 10:13",
      "tag": [],
      "title": "김정관 산업통상자원부 장관은 지난달 30일(현지시간) 타결된 한미 통상 협상과 관련해 도널드 트럼프 미국 대통령이 현장에서 대미 투자펀드 금액을 올렸다는 보도에 대해 \"맞았다\"고 밝혔으며 협상단은 미국 측에 한화의 ",
      "meta_summary": "김정관 산업통상자원부 장관은 5일 MBC 라디오 '김종배의 시선집중'에 출연해 한미 무역 협상 과정과 관련해 대미 투자펀드 수익의 90%를 미국이 가져간다는 관측에 대해 상식적이지 않다며 계속 협상할 여지가 있다고 언급했다. 김 장관은 미국은 해군 유지·보수가 쉽지 않다는 이야기 나올 정도로유지·보수가 매우 시급한 상황이고 그런 부분들이 미국에서가 아닌 우리에 의뢰를 할 예정이라고...",
      "sent": {
        "neg": 0.003969570080423859,
        "neu": 0.8162254957946016,
        "pos": 0.17980492302383744,
        "label": "neu"
      },
      "salience": 1.1172,
      "evidence": [
        {
          "link": "https://finance.naver.com/item/news_read.naver?article_id=0005387152&office_id=014&code=005380&page=82&sm="
        },
        {
          "link": "https://finance.naver.com/item/news_read.naver?article_id=0005231371&office_id=008&code=005380&page=76&sm="
        }
      ]
    },
    {
      "ts": "2025-08-05 13:34",
      "tag": [
        "earnings",
        "macro"
      ],
      "title": "현대자동차는 3일 일본 후지노미야 인근에서 현대차의 해외 첫 공식 브랜드 팬덤 '현대모터클럽 재팬'의 공식 출범행사를 개최하여 일본에서의 현대차 전기차 발전의 원동력이 될 것이라고 밝히며 일본 내 현대차 브랜드 입지",
      "meta_summary": "9월 기준금리 인하 가능성에 대한 기대감으로 미국 증시가 강세를 보이면서 5일 코스피 지수도 장 초반 3200선을 회복하며 강세를 보이고 있으며 국내 증시는 정부의 세제 개편안 관련 뉴스를 주목하는 가운데 간밤 미국 증시 강세와 팔랜티어 호실적에 힘입어 1% 넘게 올랐다. photo@newsis.com 코스피는 9월 금리 인하 재개 가능성이 92%까지 상승하면서 전일 상승세를...",
      "sent": {
        "neg": 0.04112350695787563,
        "neu": 0.6265177653784146,
        "pos": 0.33235870689304964,
        "label": "neu"
      },
      "salience": 0.9785,
      "evidence": [
        {
          "link": "https://finance.naver.com/item/news_read.naver?article_id=0002509799&office_id=016&code=005380&page=78&sm="
        },
        {
          "link": "https://finance.naver.com/item/news_read.naver?article_id=0013405400&office_id=003&code=005380&page=71&sm="
        }
      ]
    },
    {
      "ts": "2025-08-05 09:21",
      "tag": [
        "macro"
      ],
      "title": "미국 연방준비제도(Fed·연준)가 9월 금리 인하에 나설 것이란 전망에 뉴욕증시 3대 지수가 반등하자 국내 증시도 덩달아 회복세를 보이고 있으며 코스피는 3200선을, 코스닥은 800선을 되찾아 코스피지수는 오전 1",
      "meta_summary": "미국 연방준비제도(Fed·연준)가 9월 금리 인하에 나설 것이란 전망에 뉴욕증시 3대 지수가 반등하자 국내 증시도 덩달아 회복세를 보이고 있으며 코스피는 3200선을, 코스닥은 800선을 되찾아 코스피지수는 오전 10시 12분 현재 전 거래일 대비 55.83포인트(1.77%) 오른 3203.58을 가리키고 있으며 코스피 시가총액 상위종목 중에서는 한화에어로스페이스(-0.21%)를 제외한 9종목이 강세를 보이고 있다. 가맹은 일본 내 현지...",
      "sent": {
        "neg": 0.00042014097233166446,
        "neu": 0.3470534239757299,
        "pos": 0.6525264587343048,
        "label": "pos"
      },
      "salience": 0.9422,
      "evidence": [
        {
          "link": "https://finance.naver.com/item/news_read.naver?article_id=0002987522&office_id=119&code=005380&page=79&sm="
        },
        {
          "link": "https://finance.naver.com/item/news_read.naver?article_id=0002509742&office_id=016&code=005380&page=71&sm="
        }
      ]
    },
    {
      "ts": "2025-08-05 00:56",
      "tag": [],
      "title": "HD현대는 미 AI 방산 기업인 팔란티어와 '미래형 조선소(FOS·Future of Shipyard)‘를 공동 개발하고 로봇, AI를 적용해 자동화한 조선소를 만들어 생산성을 30% 이상 끌어올린다는 전략으로 중국과",
      "meta_summary": "HD현대는 미 AI 방산 기업인 팔란티어와 '미래형 조선소(FOS·Future of Shipyard)‘를 공동 개발하고 로봇, AI를 적용해 자동화한 조선소를 만들어 생산성을 30% 이상 끌어올린다는 전략으로 중국과의 기술 격차를 유지하고 있지만 친환경 선박·자율 운항 선박 등 미래 시장을 선점하는 게 관건이라고 판단하여 미래 기술 동맹도 체결하고 친환경 선박, 자율 운항 선박 등의 미래...",
      "sent": {
        "neg": 0.0003251812,
        "neu": 0.0034519245,
        "pos": 0.99622285,
        "label": "pos"
      },
      "salience": 0.8712,
      "evidence": [
        {
          "link": "https://finance.naver.com/item/news_read.naver?article_id=0003921221&office_id=023&code=005380&page=85&sm="
        }
      ]
    },
    {
      "ts": "2025-08-05 19:14",
      "tag": [
        "supply"
      ],
      "title": "한국해양진흥공사는 한국 기업의 해외 물류거점 자산 확보와 해외시장 진출 지원을 목적으로 조성한 '글로벌 물류·공급망 투자펀드' 첫 프로젝트로 미국 애틀란타 소재 물류센터 매입을 마쳤으며 올 연말까지 조성액의 60% ",
      "meta_summary": "시장조사업체 SNE리서치에 따르면 올해 1~6월 세계 각국에 등록된 전기차(플러그인하이브리드차 포함)는 약 946만9천대로 작년 동기 대비 31.8% 증가하였으며 그중 중국 BYD(비야디)가 32.4% 성장한 199만8천대로 글로벌 전기차 판매 1위 자리를 유지했고, 점유율은 21.1%로 0.1%포인트 높아졌다. ※ 전 세계에 신규 등록된 전기차가 지난해 동기 대비 30% 이상 늘어나며 1천만대에 육박한 것으로 나타났으며 량은...",
      "sent": {
        "neg": 0.0036830562088178316,
        "neu": 0.04542306573986398,
        "pos": 0.9508939267799026,
        "label": "pos"
      },
      "salience": 0.861,
      "evidence": [
        {
          "link": "https://finance.naver.com/item/news_read.naver?article_id=0000767459&office_id=422&code=005380&page=72&sm="
        },
        {
          "link": "https://finance.naver.com/item/news_read.naver?article_id=0005387625&office_id=014&code=005380&page=70&sm="
        }
      ]
    },
    {
      "ts": "2025-08-05 03:03",
      "tag": [
        "product"
      ],
      "title": "현대자동차는 4일 사우디아라비아 네옴의 복합리조트 개발 예정지인 트로제나 지역에서 수소연료전지차량(FCEV) 버스인 유니버스 FCEV가 성공적으로 주행 실증을 마쳤다고 밝히며 해당 영상을 유튜브에 공개했다. 기아의 ",
      "meta_summary": "현대자동차는 4일 사우디아라비아 네옴의 복합리조트 개발 예정지인 트로제나 지역에서 수소연료전지차량(FCEV) 버스인 유니버스 FCEV가 성공적으로 주행 실증을 마쳤다고 밝히며 해당 영상을 유튜브에 공개했다. 기아의 픽업트럭 타스만도 호주 퀸즐랜드의 오프로드 전용 트랙 ‘스프링스 4X4 어드벤처 파크’에 설치된 급경사 길을 성공적으로 주파했다고 이날 밝혔다. . ‘4륜구동의 에베레스트’라는 별명이 붙은 이 급경사는 고성능으로 유명한...",
      "sent": {
        "neg": 0.00023694617,
        "neu": 0.0017354881,
        "pos": 0.9980275,
        "label": "pos"
      },
      "salience": 0.8543,
      "evidence": [
        {
          "link": "https://finance.naver.com/item/news_read.naver?article_id=0003652320&office_id=020&code=005380&page=85&sm="
        }
      ]
    },
    {
      "ts": "2025-08-05 05:52",
      "tag": [],
      "title": "현대차그룹이 미국 시장에 진출한 지 약 39년만에 누적 판매량 3천만대를 돌파했으며,현지 브랜드가 아닌 완성차 기업 중 미국 내 판매량이 3천만대가 넘어선 곳은 도요타와 혼다에 이어 현대차그룹이 세 번째이다. sbp",
      "meta_summary": "현대차그룹이 미국 시장에 진출한 지 약 39년만에 누적 판매량 3천만대를 돌파했으며,현지 브랜드가 아닌 완성차 기업 중 미국 내 판매량이 3천만대가 넘어선 곳은 도요타와 혼다에 이어 현대차그룹이 세 번째이다. sbp는 제보가 뉴스로 만들어집니다. SBS Biz는 여러분의 제보를 기다리고 있다. ﻿ http://홈페이지 = = SB Biz SEP는 여러분의 제보를 기다린다. - 제보가뉴스로...",
      "sent": {
        "neg": 3.419803e-05,
        "neu": 0.00010513182,
        "pos": 0.99986064,
        "label": "pos"
      },
      "salience": 0.8316,
      "evidence": [
        {
          "link": "https://finance.naver.com/item/news_read.naver?article_id=0000455662&office_id=374&code=005380&page=83&sm="
        }
      ]
    },
    {
      "ts": "2025-08-05 09:21",
      "tag": [
        "product",
        "earnings",
        "supply"
      ],
      "title": "뉴욕 증시 반등에 힘입어 코스피와 코스닥이 모두 상승 출발한 가운데 외국인과 기관은 각각 617억원어치, 505억원어치를 순매수하는 등 코스피는 개장 직후 3200선에 다시 올라섰고 펩트론은 강보합권, HLB는 약보",
      "meta_summary": "4일 현대차그룹이 발표한 7월 미국 판매실적에 따르면 현대차·기아는 미국 시장에서 7월까지 총 3010만7257대를 팔아 토요타와 혼다에 이어 3번째로 많은 누적 판매량을 기록했으며 이는 토요타가 39년 만에 누적 판매량 3000만대를 돌파한 데 비해 현대차그룹이 최단시간 기록을 세웠다고 밝혔다. *현대차·기아가 미국에 생산기지를 구축하고 공급 능력도 확대해왔으며 현대차는 2005년에는 앨라배마주에, 기아는 2010년 조지아주에...",
      "sent": {
        "neg": 0.0019091697748674472,
        "neu": 0.6662748251918736,
        "pos": 0.33181599561131886,
        "label": "neu"
      },
      "salience": 0.8122,
      "evidence": [
        {
          "link": "https://finance.naver.com/item/news_read.naver?article_id=0004057317&office_id=022&code=005380&page=83&sm="
        },
        {
          "link": "https://finance.naver.com/item/news_read.naver?article_id=0008411834&office_id=421&code=005380&page=74&sm="
        }
      ]
    },
    {
      "ts": "2025-08-05 08:12",
      "tag": [],
      "title": "5일 현대차그룹에 따르면 현대차·기아는 미국 시장에서 7월까지 총 3010만7257대를 팔았는데, 이는 1986년 현대차가 미국에 진출한 이래 39년6개월 만이며, 미국 현지에 진출해서 누적 판매대수 3000만대 돌",
      "meta_summary": "5일 현대차그룹에 따르면 현대차·기아는 미국 시장에서 7월까지 총 3010만7257대를 팔았는데, 이는 1986년 현대차가 미국에 진출한 이래 39년6개월 만이며, 미국 현지에 진출해서 누적 판매대수 3000만대 돌파까지 걸린 시간이 39년 만에 달성되었다고 밝혔다. -현대차그룹의 이 같은 성과는 우수한 상품성과 함께 하이브리드 집중, 현지 생산 확대 등의 전략이 통했다는 분석이며, 토요타와 혼다에 이어...",
      "sent": {
        "neg": 5.0638904e-05,
        "neu": 0.000114787144,
        "pos": 0.99983454,
        "label": "pos"
      },
      "salience": 0.8122,
      "evidence": [
        {
          "link": "https://finance.naver.com/item/news_read.naver?article_id=0001093390&office_id=417&code=005380&page=83&sm="
        }
      ]
    },
    {
      "ts": "2025-08-05 08:34",
      "tag": [],
      "title": "현대차그룹이 기아차가 올해 7월까지 미국 시장에서 누적 3010만7257대를 판매하여 도요타와 혼다보다 더 빠르게 달성한 기록으로 미국 시장에서 직접적인 경쟁자인 도요타보다 더 빠른 속도로 점유율을 늘리겠다는 목표를",
      "meta_summary": "현대차그룹이 기아차가 올해 7월까지 미국 시장에서 누적 3010만7257대를 판매하여 도요타와 혼다보다 더 빠르게 달성한 기록으로 미국 시장에서 직접적인 경쟁자인 도요타보다 더 빠른 속도로 점유율을 늘리겠다는 목표를 세웠다고 4일 밝혔다. ﻿ ﻿﻿ . ᄏ **현대차그룹의 미국 누적 판매량은 1990년대 100만대를 넘어선 이후 2004년 500만대, 2011년 1000만대, 2018년 2000만대를 넘겼고 지난해에는 연간...",
      "sent": {
        "neg": 5.0440347e-05,
        "neu": 0.00013737915,
        "pos": 0.9998122,
        "label": "pos"
      },
      "salience": 0.8091,
      "evidence": [
        {
          "link": "https://finance.naver.com/item/news_read.naver?article_id=0005632648&office_id=277&code=005380&page=83&sm="
        }
      ]
    }
  ],
  "trades": []
}