{
  "date": "2025-08-05",
  "stock": "삼성전자",
  "market_brief": "",
  "events": [
    {
      "ts": "2025-08-05 10:32",
      "tag": [
        "macro"
      ],
      "title": "로봇용 센서 전문기업 에이딘로보틱스는 보건복지부와 한국보건산업진흥원이 추진하고 있는 '2025 한국형 ARPA-H 프로젝트'의 휴머노이드 수술보조 로봇 공동연구개발기관으로 최종 선정되었으며 높은 기술력을 겸비한 기업",
      "meta_summary": "@ (주)OCI는 지난달 실리콘 음극재용 특수소재 생산설비의 기계적 준공을 완료해 시생산을 시작하였으며 가맹사업과 시너지를 낼 수 있는 신규 사업을 확대해 나갈 계획이다. 지난주 '검은 금요일'을 맞은 이후 2거래일 연속 상승한 코스피는 미국 금리 인하 기대감이 커지면서 외국인과 기관이 이틀 연속 순매수 흐름을 보이고 있으며 코스피 지수는 전일 대비 50.25포인트(1.60%) 프로젝트'의...",
      "sent": {
        "neg": 0.060068562478952224,
        "neu": 0.42219785456789716,
        "pos": 0.517733595446587,
        "label": "pos"
      },
      "salience": 1.4283,
      "evidence": [
        {
          "link": "https://finance.naver.com/item/news_read.naver?article_id=0000455685&office_id=374&code=005930&page=145&sm="
        },
        {
          "link": "https://finance.naver.com/item/news_read.naver?article_id=0001338737&office_id=082&code=005930&page=122&sm="
        }
      ]
    },
    {
      "ts": "2025-08-05 14:30",
      "tag": [
        "flow",
        "governance",
        "macro"
      ],
      "title": "정부가 상장사의 배당 확대를 유도하기 위해 배당소득 분리과세를 도입했지만 요건이 까다로워 효과가 크지 않을 것이라는 지적이 나오며 삼성전자, SK하이닉스 등 주요 시가총액 상위 종목 투자자들도 분리 과세 혜택을 보기",
      "meta_summary": "네이버 등 5곳은 AI 국가대표로 선정되었는데 네이버.LG. 미국 금리 인하 기대감이 반도체, 이차전지, 바이오 등 주요 성장주 상승세를 이끌며 코스피가 전장보다 50.25포인트(1.60%) 오른 3198.00에 장을 마치며 이틀째 상승세를 나타냈고 코스피는 미국 고용 지표 악화로 연방준비제도(Fed·연준)가 금리 인하를 앞당길 수 있다는 기대가 커지면서 투자심리를 개선시켜 증시는 장중 오름폭을 일부 축소하는 흐름을...",
      "sent": {
        "neg": 0.09202102769177725,
        "neu": 0.6292519728800483,
        "pos": 0.2787270041768381,
        "label": "neu"
      },
      "salience": 1.4217,
      "evidence": [
        {
          "link": "https://finance.naver.com/item/news_read.naver?article_id=0015548649&office_id=001&code=005930&page=142&sm="
        },
        {
          "link": "https://finance.naver.com/item/news_read.naver?article_id=0000455807&office_id=374&code=005930&page=127&sm="
        }
      ]
    },
    {
      "ts": "2025-08-05 13:12",
      "tag": [],
      "title": "국내 대형업계가, 한미 관세협상 타결의 일등공신으로 꼽히는 마스가 프로젝트에 본격 시동을 걸면서 관련주들이 급등하고 있는 가운데, 이언주 더불어민주당 최고위원은 외교부, 산업부, 국방부 등과 협의를 통해, '마스가 ",
      "meta_summary": "사업 및 군함 제작과 관련한 특화 조선소를 설립하는 내용을 포함하고 있으며, 삼성전전자가 인공지능과 휴머노이드 로봇 개발에 본격적으로 시동을 걸고 관련 투자 및 인력 규모가 빠르게 축소되고 있는 점을 감안할 때 조속한 법제화가 필요하다고 밝힌 바 있어 관련 종목은 삼성전자 'AI 드림팀' 로봇주 급등삼성전자가 AI 과제 전담 조직을 새로 설립했다. 18년...",
      "sent": {
        "neg": 0.08383198958866907,
        "neu": 0.36339737071772366,
        "pos": 0.5527706438495771,
        "label": "pos"
      },
      "salience": 1.3355,
      "evidence": [
        {
          "link": "https://finance.naver.com/item/news_read.naver?article_id=0013404852&office_id=003&code=005930&page=126&sm="
        },
        {
          "link": "https://finance.naver.com/item/news_read.naver?article_id=0000455700&office_id=374&code=005930&page=143&sm="
        }
      ]
    },
    {
      "ts": "2025-08-05 10:35",
      "tag": [
        "product"
      ],
      "title": "5일 코스피 1시 40분 기준 코스피는 전 거래일보다 44.78p(1.42%) 오른 3192.53을 가리키고 있으나 외국인과 기관은 각각 976억원, 1112억원 순매수하고 있으며 개인은 2805억원 매도우위를 보이",
      "meta_summary": "삼성전자가 에너지 효율이 향상된 2025년형 비스포크 식기세척기 카운터탑을 출시했다고 밝혔으며 이번 신제품은 강력한 세척, 건조 성능에 강화된 에너지 효율을 갖춰 1인 가구부터 4인 가구까지 편리하고 경제적으로 사용할 수 있다고 전했다. 시가총액 1,2위인 삼성전자와 SK하이닉스가 간밤 뉴욕증시에서 반도체 관련주가 강세 마감한 영향으로 인해 5일 나란히 강세다. 5일 오전 9시 8분 삼성전자는...",
      "sent": {
        "neg": 0.0011046453131739044,
        "neu": 0.3369205549713218,
        "pos": 0.6619747854774148,
        "label": "pos"
      },
      "salience": 1.3338,
      "evidence": [
        {
          "link": "https://finance.naver.com/item/news_read.naver?article_id=0000455714&office_id=374&code=005930&page=132&sm="
        },
        {
          "link": "https://finance.naver.com/item/news_read.naver?article_id=0004052539&office_id=079&code=005930&page=139&sm="
        }
      ]
    },
    {
      "ts": "2025-08-05 10:23",
      "tag": [
        "product"
      ],
      "title": "한국 주식시장의 고질인 ‘코리아 디스카운트’ 해소를 위해 정부가 지난해 9월 기업 가치 제고에 적극적인 기업들을 추려 구성한 ‘코리아 밸류업 지수’가 코스피 등 기존 지수와 큰 차별성이 없다는 지적이 나오고 있는 가",
      "meta_summary": "오른 800.28에 거래, 800선을 회복하고 있다. photo@newsis.com 삼성전자는 5일 싱크대 위에 올려놓고 사용하는 콤팩트한 크기의 식기 세척기로 설치나 이동이 간편하고 공간 활용도가 높으며 한번에 6인분의 식기를 세척할 수 있어 1인 가구와 4인가구까지 사용할 수 있는 2025년형 '비스 포크 식기'세척기를 출시했다고 밝혔다. 라고 밝혔다. 삼성전자는 올해 2월 출시한 '갤럭시 S25 시리즈'가...",
      "sent": {
        "neg": 0.0801051666028205,
        "neu": 0.5847661968659561,
        "pos": 0.3351286257773407,
        "label": "neu"
      },
      "salience": 1.2756,
      "evidence": [
        {
          "link": "https://finance.naver.com/item/news_read.naver?article_id=0000108772&office_id=586&code=005930&page=124&sm="
        },
        {
          "link": "https://finance.naver.com/item/news_read.naver?article_id=0004517353&office_id=011&code=005930&page=143&sm="
        }
      ]
    },
    {
      "ts": "2025-08-05 10:43",
      "tag": [
        "product"
      ],
      "title": "로봇용 센서 전문기업 에이딘로보틱스는 보건복지부와 한국보건산업진흥원이 추진하고 있는 '2025 한국형 ARPA-H 프로젝트'의 휴머노이드 수술보조 로봇 공동연구개발기관으로 최종 선정되었으며 높은 기술력을 겸비한 기업",
      "meta_summary": "삼성전자는 에너지 공간활용도를 높이고 6인용 기준 국내 최저 전력 소비를 구현한 2025형 '비스포크 식기세척기 카운터탑'을 출시했다고 5일 밝혔으며 한 번에 6인분의 식기를 세척할 수 있어 1인 가구부터 4인 가구까지 사용 가능하다고 밝혔다. tvN 'New 갤럭시 AI 구독클럽'도 흥행을 뒷받침하며 갤럭시 S5 시리즈의 역대 최대 사전 판매 기록을 경신했다고 밝혔다. 지난...",
      "sent": {
        "neg": 0.008742195400089463,
        "neu": 0.4747100610134382,
        "pos": 0.516547730751025,
        "label": "pos"
      },
      "salience": 1.1937,
      "evidence": [
        {
          "link": "https://finance.naver.com/item/news_read.naver?article_id=0004517424&office_id=011&code=005930&page=129&sm="
        },
        {
          "link": "https://finance.naver.com/item/news_read.naver?article_id=0005231497&office_id=008&code=005930&page=132&sm="
        }
      ]
    },
    {
      "ts": "2025-08-05 11:15",
      "tag": [
        "macro"
      ],
      "title": "미국 연방준비제도(Fed·연준)가 9월 금리 인하에 나설 것이란 전망에 뉴욕증시 3대 지수가 반등하자 국내 증시도 덩달아 회복세를 보이고 있으며 코스피는 3200선을, 코스닥은 800선을 되찾아 코스피지수는 오전 1",
      "meta_summary": "미국 연방준비제도(Fed·연준)가 9월 금리 인하에 나설 것이란 전망에 뉴욕증시 3대 지수가 반등하자 국내 증시도 덩달아 회복세를 보이고 있으며 코스피는 3200선을, 코스닥은 800선을 되찾아 코스피지수는 오전 10시 12분 현재 전 거래일 대비 55.83포인트(1.77%) 오른 코스피 지수는 7.88포인트(1.01%) 국내 고유 노이즈로 자리 잡고 있는 세제 개편안은 당분간 증시 뉴스 흐름의 중심에 있을...",
      "sent": {
        "neg": 0.0006355855616820992,
        "neu": 0.7208256054703341,
        "pos": 0.2785388101900172,
        "label": "neu"
      },
      "salience": 0.9475,
      "evidence": [
        {
          "link": "https://finance.naver.com/item/news_read.naver?article_id=0002987522&office_id=119&code=005930&page=134&sm="
        },
        {
          "link": "https://finance.naver.com/item/news_read.naver?article_id=0002509925&office_id=016&code=005930&page=131&sm="
        }
      ]
    },
    {
      "ts": "2025-08-05 11:23",
      "tag": [
        "earnings",
        "supply"
      ],
      "title": "스틱스앤스톤스는 기존 영문 카피라이팅 사업 기반 위에 전략형 네이밍 프로세스를 새롭게 구축하여 제품군 확장과 글로벌 진출을 앞둔 국내 기업을 대상으로 브랜드 구조와 시장 일관성을 동시 반영한 전략형 워크플로를 도입한",
      "meta_summary": "OCI는 디보틀넥킹 방식으로 반도체 인산 생산능력을 5000미터톤(MT) 증설할 계획으로 현재 연산 2만5000MT에서 3만MT 수준으로 생산능력을 확대할 방침으로 향후 반도체 시황 개선에 따라 중장기 매출 성장이 이루어질 것으로 전망하고 있으며 중장기 신규 고객사 확보 및 기존 고객사의 수요 증가에 따라 단계적으로 추가 증설도 검토할 계획이다. kkwang****** (주)OCI는 1979년부터 과산화수소를 생산해 온...",
      "sent": {
        "neg": 0.12252761557248529,
        "neu": 0.4120797076076144,
        "pos": 0.4653927198669366,
        "label": "pos"
      },
      "salience": 0.9463,
      "evidence": [
        {
          "link": "https://finance.naver.com/item/news_read.naver?article_id=0006081934&office_id=018&code=005930&page=133&sm="
        },
        {
          "link": "https://finance.naver.com/item/news_read.naver?article_id=0002509942&office_id=016&code=005930&page=126&sm="
        }
      ]
    },
    {
      "ts": "2025-08-05 11:30",
      "tag": [
        "macro"
      ],
      "title": "5일 오후 12시 20분 한국거래소에 따르면, 시가총액 1위인 삼성전자(005930)는 현재가 69,800원으로 전 거래일 대비 0.14% 상승하고 있으며 PER은 13.52, ROE는 9.03으로 안정적인 재무 상",
      "meta_summary": "4일(현지시간) 미국증시 3개 주가지수의 반등 마감으로 코스피가 강세로 돌아서고 코스닥도 상승세인 가운데, 이날 강세는 기준금리 인하 기대감이 커진 영향으로 풀이되며 코스피도 상승세로 풀이되며 코스닥은 798.86에 거래되고 있는 가운데, 코스닥은 전 거래 일 대비 1.89%(14.80포인트) 오른 798.96에 거래가 이루어지고 있는 것으로 나타났다. 4일 일본 니혼게이자이신문은 삼성전자(005930)가 히타치제작소의 일본 내 백색가전 사업...",
      "sent": {
        "neg": 0.03709566823540476,
        "neu": 0.4319588992708055,
        "pos": 0.5309454008362176,
        "label": "pos"
      },
      "salience": 0.9396,
      "evidence": [
        {
          "link": "https://finance.naver.com/item/news_read.naver?article_id=0000413721&office_id=629&code=005930&page=137&sm="
        },
        {
          "link": "https://finance.naver.com/item/news_read.naver?article_id=0002202063&office_id=138&code=005930&page=132&sm="
        }
      ]
    },
    {
      "ts": "2025-08-05 14:10",
      "tag": [
        "product"
      ],
      "title": "삼성전자는 올해 2월 출시한 '갤럭시 S25 시리즈'가 지난 1일 국내 판매량 300만 대를 돌파하여 역대 S시리즈 5G 스마트폰 중 최단기간 기록을 썼다고 밝혔다. 2025.8.5/뉴스1 2025.8%.5/2015",
      "meta_summary": "고객들이 삼성에서 '갤럭시S25 시리즈를 살펴보는 등 삼성에서 출시한지 1년만에 국내 판매량이 300만대를 돌파했다고 밝혔으며 삼성에서 출시된지 1년 만에 300만대를 돌파한 갤럭시 시리즈의 판매는 전작 대비 2달 이상 단축한 것으로 역대 S 시리즈 5G의 최단 기간 기록을 썼다. 삼성전자는 올해 2월 출시한 '갤럭시 S25 시리즈'가 지난 1일 국내 판매량 300만 대를...",
      "sent": {
        "neg": 4.0638739924112635e-05,
        "neu": 0.00010255899749438209,
        "pos": 0.9998567500015627,
        "label": "pos"
      },
      "salience": 0.9259,
      "evidence": [
        {
          "link": "https://finance.naver.com/item/news_read.naver?article_id=0008412205&office_id=421&code=005930&page=126&sm="
        },
        {
          "link": "https://finance.naver.com/item/news_read.naver?article_id=0008412203&office_id=421&code=005930&page=126&sm="
        }
      ]
    }
  ],
  "trades": []
}